Dist_Name,Corrected_Percent_Flooded_Area,Population,Normalized_Flooded_Area,Fatalities_Per_100k,Injuries_Per_100k,Normalized_Flood_Duration,DFSI
Dadra & Nagar Haveli,2.969167705,618459,0.029691677049999997,1.6169220595059655,0,0.02857142857142857,0.4187962912818485
Daman,1.544538442,190125,0.015445384,0,0,0,0.003861346
Diu,0.819836479,67412,0.008198365,0,0,0,0.0020495911975
North  & Middle Andaman,1.3148171,101677,0.013148171,0,0,0.02857142857142857,0.010429899892857142
South Andaman,1.443452407,257900,0.014434524070000001,0.387747188832881,0,0.05714285714285714,0.11483114251143454
Nicobars,0.090612489,27340,0.000906125,0,0,0,0.0002265312225
Srikakulam,3.446704127,2726592,0.034467041,5.2813182170269695,0,0.17142857142857143,1.3718034574313853
Vizianagaram,0.790001986,2443656,0.007900019860000001,2.5781042830905823,4.3786850522332115,0.2571428571428571,1.8054580530816626
Visakhapatnam,0.735914807,4885485,0.007359148,2.1696924665616617,2.3539116382508594,0.2857142857142857,1.2041693846492016
Krishna,0.709710375,4751934,0.007097104,4.419253297709943,0.021044063322428298,0.22857142857142856,1.1689914733384499
Guntur,9.242779332,5374652,0.09242779331999999,3.497900887350474,2.0094324246481445,0.22857142857142856,1.4570831334725118
East Godavari,3.702696517,5569277,0.037026965,3.986154755814803,0.017955652053219834,0.2571428571428571,1.0745700575452202
Prakasam,0.87865931,3731704,0.008786593,4.743141471027712,0,0.22857142857142856,1.2451248731747853
Kurnool,0.289107666,4618046,0.0028910766599999998,3.486323003278876,2.3386514556156435,0.2,1.5069663838886298
Anantapur,0.482623643,4537583,0.004826236,2.6005033957505574,0.022038164370767433,0.2857142857142857,0.7282705205664026
Sri Potti Sriramulu Nell*,0.688735282,3285473,0.006887353,5.326478105283471,0,0.17142857142857143,1.3761985073830105
West Godavari,3.539250333,4167944,0.035392503,5.5662935970348935,0,0.22857142857142856,1.4575643822340805
Y.S.R.,0.045955578,3162142,0.000459556,4.55387518966574,0.031624133261567634,0.2571428571428571,1.2107754339625412
Chittoor,0.504525197,4580686,0.005045252,2.707018119120149,0,0.22857142857142856,0.7351586999153944
Upper Subansiri,1.156238089,119722,0.011562381,4.176341858639181,0.8352683717278361,0.2,1.3057931528142543
Anjaw,1.347748917,24066,0.013477489,20.77619878666999,4.155239757333998,0.14285714285714285,6.271943294007783
Changlang,2.517227647,183018,0.025172276469999998,2.1855773749030147,0.5463943437257537,0.14285714285714285,0.7250002844889779
Tawang,0.876365429,60141,0.008763654,152.97384479805788,13.302073460700687,0.17142857142857143,41.614027621119284
Papum Pare,0.825360946,245559,0.008253609,29.72808978697584,3.6651069600381168,0.11428571428571428,8.378934017689918
Tirap,0.629920802,69112,0.006299208,5.787706910522051,1.4469267276305127,0.14285714285714285,1.8459474972574266
East Siang,2.560087006,86959,0.02560087,14.949573937142791,768.1781069239527,0.17142857142857143,195.831177575646
Lohit,2.147551477,51927,0.021475515,26.960925915227143,1.9257804225162247,0.17142857142857143,7.269902605985485
Kurung Kumey,0.555974167,77223,0.005559742,22.01416676378799,3.8848529583155282,0.11428571428571428,6.504716294514808
Lower Subansiri,0.829376579,99671,0.008293766,12.039610317946043,1.0033008598288369,0.14285714285714285,3.2985155216055055
East Kameng,1.326925325,87734,0.013269253,0,0,0.05714285714285714,0.017603027598214284
West Kameng,1.888080105,99039,0.018880801,22.213471460737686,6.058219489292097,0.11428571428571428,7.101214366341374
Kra Daadi,1.837849659,93220,0.018378497,7.509118214975328,2.1454623471358074,0.14285714285714285,2.4539540503895694
Namsai,3.783292115,120106,0.037832921150000004,3.330391487519358,0.8325978718798395,0.14285714285714285,1.0859198558515852
Longding,0.638916752,60400,0.006389168,6.622516556291391,1.6556291390728477,0.14285714285714285,2.1068480014353455
Upper Siang,2.386481463,34326,0.023864814629999998,69.91784653032687,1954.786459243722,0.11428571428571428,506.21061407574115
Lower Siang,2.171988688,19141,0.021719886879999997,20.89754976229037,5.224387440572593,0.14285714285714285,6.571628558150026
Upper Dibang Valley,0.711350147,10102,0.007113501,49.49514947535142,9.899029895070283,0.14285714285714285,14.886037503687213
Lower Dibang Valley,1.397900013,59491,0.013979,8.404632633507589,1.6809265267015179,0.11428571428571428,2.553455968656205
Siang,2.019900267,48365,0.020199003,8.270443502532823,2.0676108756332057,0.14285714285714285,2.6252776309232924
Shi Yomi,0.679578763,12507,0.006795787629999999,31.982090029583432,7.995522507395858,0.14285714285714285,10.03181636686661
Pakke Kessang,1.721952494,18414,0.017219524939999998,16.291951775822742,5.430650591940915,0.14285714285714285,5.4706697588902
West Siang,0.620779654,48422,0.006207797,107.38920325471892,1379.5382264260047,0.2,371.7834093693159
Lepa Rada,0.870628148,22468,0.008706281,13.35232330425494,4.450774434751647,0.14285714285714285,4.488665290835932
Kamle,1.835951782,25202,0.018359518,11.903817157368463,3.9679390524561544,0.14285714285714285,4.008243217625441
Tinsukia,4.881482417,1408250,0.048814824,7.45606248890467,3.195455352387715,0.37142857142857144,2.7679403092227393
Dhemaji,9.385547809,702202,0.093855478,23.0702846189558,4.984320751008969,0.2571428571428571,7.101400926299406
Dibrugarh,11.91387334,1510242,0.119138733,9.73353939302443,3.1120840236200555,0.2857142857142857,3.312619108939693
Lakhimpur,14.44869666,1161342,0.144486967,18.42695777815665,3.358183894150044,0.2571428571428571,5.546692874012387
Sivasagar,16.53832279,800874,0.16538322789999998,14.609039624210551,1.8729537979757116,0.34285714285714286,4.247558448235851
Jorhat,6.654597736,1037431,0.06654597736000001,19.760350326913308,0.38556781125684503,0.37142857142857144,5.145973171739681
Sonitpur,5.196410326,1462078,0.051964103,9.84899574441309,0.5471664302451715,0.2571428571428571,2.6763172837652798
Golaghat,11.59095462,1310870,0.11590954619999999,6.331672858483297,0.38142607581224686,0.2571428571428571,1.7715378344096002
Udalguri,3.135691777,909069,0.031356918,5.610135204258423,0.2200053021277813,0.2857142857142857,1.5368029274676225
Chirang,2.853895807,616102,0.028538958,9.089404027255227,0.16231078620098618,0.2571428571428571,2.384349157167268
Baksa,3.732064694,1258285,0.037320647,4.053135815812793,0.07947325129044691,0.2,1.09248242851081
Nagaon,13.41948919,2348489,0.134194892,6.1316020641357065,0.21290284944915647,0.22857142857142856,1.6768178085140728
Kokrajhar,2.517160431,1311786,0.025171604,5.412468192220378,0.07623194636930108,0.37142857142857144,1.4713250785820624
Darrang,11.80139268,1126535,0.11801392679999999,13.315165529699476,0.26630331059398954,0.2571428571428571,3.489156406059081
Barpeta,10.48787247,1877307,0.104878725,8.469579029961535,0.2663389632063376,0.2571428571428571,2.2744848937526827
Nalbari,6.588557735,978546,0.065885577,13.285016749340349,0.10219243653338729,0.2857142857142857,3.434702262234506
Morigaon,13.48924998,1127394,0.1348925,7.184710935130043,0.2661004050048164,0.22857142857142856,1.953568817126572
Kamrup,8.562804612,1546068,0.08562804612000001,11.70711766882181,0.8408427054954892,0.22857142857142856,3.215539962252182
Bongaigaon,8.287953017,803266,0.08287953,9.834849228026581,0.1244917623800833,0.3142857142857143,2.589126558715595
Dhubri,9.231447974,1376422,0.09231448,10.243951346316754,0.21795641162376073,0.34285714285714286,2.7242698451344145
Kamrup Metropolitan,13.18157395,1437551,0.13181574,0.4869392459815339,0.1391254988518668,0.02857142857142857,0.1966129782262073
Goalpara,12.6070399,1063871,0.126070399,14.851424655808835,0.46998179290534287,0.2857142857142857,3.9332977833571157
Dima Hasao,1.656871704,288305,0.016568717,14.22105062347167,0.3468548932554066,0.22857142857142856,3.703261415584626
Cachar,9.233600225,2105643,0.092336002,9.213337683548446,1.5672172348304056,0.22857142857142856,2.7753655873000698
Karimganj,22.52672148,1393118,0.225267215,8.32664569691871,1.0049399979039824,0.3142857142857143,2.467784655977102
Hailakandi,17.33980856,765445,0.17339808560000003,9.536936030674967,0.7838577559458877,0.2571428571428571,2.687833682340928
Charaideo,16.04309188,496227,0.160430919,10.076033750682651,0.201520675013653,0.5142857142857142,2.7380677646955043
Majuli,8.241462489,147155,0.082414625,36.69600081546668,0.6795555706567905,0.3142857142857143,9.443064181324797
Biswanath,3.155673349,666698,0.031556733,8.399605218554727,0.14999295033133442,0.2857142857142857,2.216717297022587
Hojai,5.154656156,1112181,0.051546561559999995,5.125065074839437,0.08991342236560415,0.2857142857142857,1.3880598361198317
South Salmara Mancachar,17.21104287,533060,0.172110429,7.316249577908678,0.18759614302329944,0.45714285714285713,2.0332747516937086
Karbi Anglong,1.843256596,693265,0.018432566,9.52016905512322,0.7212249284184258,0.5714285714285714,2.7078137802325544
West Karbi Anglong,3.129321309,363939,0.031293213,10.441310219569763,0.27477132156762535,0.7428571428571429,2.8725579742711327
Pashchim Champaran,6.360902258,4925046,0.06360902258000001,3.939049503293979,0.2233481677125452,0.5714285714285714,1.1993588162537738
Purba Champaran,9.387440533,6322257,0.093874405,2.910353059042048,0.31634272380891826,0.5428571428571428,0.9658568327595272
Sitamarhi,4.619683648,4182895,0.046196836479999996,4.6857499411292896,0.023906887454741274,0.5714285714285714,1.3318205591231504
Sheohar,9.002316572,851775,0.09002316571999999,15.966657861524462,0.11740189604062105,0.6571428571428571,4.207806445106986
Gopalganj,5.467595215,2913408,0.054675952150000005,4.427804138658231,0.34324063090373885,0.6857142857142857,1.377858751856564
Samastipur,14.37494456,5463227,0.143749446,2.7822384096432384,0.18304200063442358,0.6,0.9272574639694156
Katihar,11.4120932,3735857,0.114120932,5.915643987443845,0.05353523970537416,0.5714285714285714,1.6636821826444474
Khagaria,11.60726948,2060105,0.11607269479999999,8.057841711951575,0.4854121513223841,0.6571428571428571,2.329117353804204
Bhojpur,5.386832738,3338604,0.053868327,3.56436402759956,0,0.6,1.05455808874489
Buxar,5.289701443,2014287,0.052897014,4.418436896033187,0,0.7142857142857143,1.2964049061872254
Darbhanga,10.05644787,4562640,0.100564479,4.536847088527694,0.19725422124033457,0.5142857142857142,1.3372378756884358
Saharsa,8.19729709,2422652,0.081972971,6.893272331312957,0.37149371845399176,0.6571428571428571,2.0009704694524513
Kaimur (bhabua),2.607282647,1966164,0.026072826469999998,4.475720234934625,0,0.7714285714285715,1.318305408208299
Rohtas,3.872831529,3605080,0.038728315,2.27456810944556,0,0.8285714285714286,0.7854669633267473
Jamui,0.413248775,2203798,0.004132488,3.6300967693046275,0,0.8285714285714286,1.115700171406514
Banka,1.685961495,2787874,0.016859615,4.30435521834918,0,0.7428571428571429,1.2660179940390808
Nawada,1.761243108,2765346,0.017612431,3.543860334294515,0.8317223233548351,0.7142857142857143,1.2768702007537662
Gaya,3.470539782,5429170,0.034705398,2.2471206464339852,0,0.6571428571428571,0.7347422253492105
Munger,13.73832054,1690301,0.137383205,7.927582128863439,0.23664424265264,0.6285714285714286,2.2325452513718766
Vaishali,16.86821474,4598311,0.16868214739999998,2.4139298103151354,0.04349423081648892,0.6571428571428571,0.8208122614186204
Begusarai,20.79971936,3830215,0.20799719360000002,3.2896325663180788,0.26108194970778403,0.6285714285714286,1.0968207845493227
Bhagalpur,13.72985928,3509828,0.137298593,4.587119368812375,0.3418970958121025,0.5714285714285714,1.409435907213262
Lakhisarai,12.08953008,1174729,0.120895301,7.57621545054221,0,0.7142857142857143,2.102849116406981
Sheikhpura,3.505578685,820089,0.035055787,9.99891475193546,0,0.8,2.7084926346963654
Arwal,21.67630991,591972,0.216763099,14.358787239937024,0,0.7714285714285715,3.836744727616399
Jehanabad,10.27922577,1409612,0.102792258,6.171911135830285,0,0.7714285714285715,1.7615329912397142
Nalanda,17.24872994,3649192,0.17248729940000002,2.9595592668185176,0,0.6571428571428571,0.9472973558403437
Patna,18.8206194,6868950,0.18820619400000002,5.546699277182102,0.4367479745812679,0.45714285714285713,1.657199075726557
Saran,12.38481824,4674827,0.12384818239999999,3.7862363676773496,0.04278233183816214,0.6285714285714286,1.1453595776217351
Siwan,6.60775735,3880318,0.066077574,3.4275541334498874,0,0.6571428571428571,1.037693641023186
Muzaffarpur,11.7588689,6144680,0.117588689,3.2711223367205453,0.2929363286615414,0.5428571428571428,1.0561261243098075
Madhepura,3.907767989,2498415,0.03907768,6.243958669796651,0,0.6857142857142857,1.7421876588502343
Araria,6.399493143,3634320,0.063994931,4.457505117876247,0,0.6571428571428571,1.294660726612276
Supaul,7.348234606,2904278,0.073482346,5.577978416666724,0.3443196553497978,0.6285714285714286,1.6560879616619877
Madhubani,3.746869093,5126077,0.037468691,4.2137486424804,0.19508095567038886,0.5428571428571428,1.247288857984483
Purnia,6.320814211,4127576,0.063208142,4.021730914221809,0,0.6,1.1712347640829521
Kishanganj,9.14902795,2214692,0.09149027950000001,6.456879782832105,0,0.6285714285714286,1.7942353727258835
Aurangabad,2.54951557,3160597,0.025495156,9.523517234244038,1.4554212384558993,0.37142857142857144,2.8439655499571272
Aurangabad,2.54951557,4525057,0.025495156,6.651849910398919,1.016561780326745,0.37142857142857144,2.016333854463559
Chandigarh,0.000993771,897511,9.93771e-06,1.8941272028977916,1.4484502139806643,0.05714285714285714,0.8499325529328282
Mahasamund,0.627540566,1179980,0.0062754056599999995,0.4237359955253479,4.745843149883896,0.11428571428571428,1.3225350663387394
Uttar Bastar Kanker,0.730199538,868469,0.007301995380000001,0.806016104201762,0.23029031548621767,0.02857142857142857,0.268044960909852
Narayanpur,0.572471381,120311,0.0057247138099999996,4.987075163534507,1.6623583878448354,0.05714285714285714,1.6780752805830499
Dakshin Bastar Dantewada,1.67319932,332104,0.016731993,0,0,0,0.004182998
Bastar,1.632703879,948753,0.016327038789999998,0.9486136012218143,4.005257427380994,0.11428571428571428,1.2711209454196306
Kondagaon,1.078482579,656011,0.010784826,0,0,0,0.0026962064475
Gariaband,0.505735659,777859,0.005057356589999999,0,0,0,0.0012643391474999998
Raipur,0.592452074,2814996,0.005924521,1.3854371373884724,2.344585924811261,0.08571428571428572,0.9554154671635048
Durg,0.43075371,2010685,0.004307537,0.7957487125034504,0,0.05714285714285714,0.21429977668657688
Dhamtari,0.04693727,897907,0.00046937270000000004,1.4478114103130948,0.11137010848562268,0.02857142857142857,0.3970555800175365
Balod,0.024923064,961306,0.000249231,0,0,0.08571428571428572,0.02149087908857143
Koriya,0.478767784,763582,0.004787678,0.13096170417846414,0,0.02857142857142857,0.04108020264747318
Jashpur,0.568829082,942821,0.0056882908200000006,0.21212934374605574,0,0.02857142857142857,0.06159726578437108
Korba,0.310367455,1414402,0.0031036745500000002,0.07070125749256577,0.07070125749256577,0.05714285714285714,0.05041226166949717
Kabeerdham,0.564680218,1131600,0.005646802,0,0,0.05714285714285714,0.015697414830714285
Janjgir - Champa,1.928896826,2018726,0.019288968259999997,0.09907238525684021,0.09907238525684021,0.05714285714285714,0.0686441489791344
Bametara,2.384020554,909116,0.023840205540000003,0.32999089225137385,0,0.05714285714285714,0.10274348873355775
Rajnandgaon,0.248451395,1792617,0.002484514,1.2830403817435625,0.7809811019308642,0.05714285714285714,0.530912213691821
Surajpur,1.22005953,917283,0.012200595299999999,0,0,0,0.0030501488249999997
Baloda Bazar,3.300403562,1681629,0.033004035620000004,0,0,0.05714285714285714,0.022536723190714286
Mungeli,1.835241434,784748,0.018352414,0.25485888463557727,0.5097177692711545,0.05714285714285714,0.21001798134739724
Surguja,0.200172812,971194,0.002001728,1.2355924768892723,0.2059320794815454,0.02857142857142857,0.36802442826556153
Balrampur,0.642652494,853775,0.006426525,6.793358906034963,3.0452988199467073,0.5714285714285714,2.6041282055875605
Balrampur,0.642652494,2570002,0.006426525,2.2568075822509086,1.0116723644573038,0.5714285714285714,0.9615837607691959
Bijapur,1.948257182,275997,0.019482571820000003,30.79743620401671,7.246455577415697,0.2571428571428571,9.580129302598817
Raigarh,0.831024656,1654533,0.008310247,19.824325051238024,5.620921432210781,0.08571428571428572,6.384817753930773
Raigarh,0.831024656,3072698,0.008310247,10.674657906504317,3.0266560527588457,0.08571428571428572,3.448834622884362
Bilaspur,0.754674491,2180689,0.007546744909999999,5.090134356618482,0.41271359648257955,0.14285714285714285,1.4133129602170513
Bilaspur,0.754674491,517758,0.007546744909999999,21.438587139165403,1.7382638220944922,0.14285714285714285,5.83181371225676
Sukma,1.466729973,259382,0.014667299730000001,0,0,0.02857142857142857,0.010809682075357143
North,1.725427554,2128488,0.017254276,0.8926524368471892,0.42283536482235273,0.08571428571428572,0.3546140907309569
North East,1.464774777,1444919,0.014647747769999999,0.13841606346099677,0.4844562221134887,0.08571428571428572,0.1808085797646928
West,5.312905892,3053772,0.053129059,0.06549277418222448,0.1964783225466734,0.08571428571428572,0.10020361034079589
East ,0.1,1368632,0.001,0,0,0,0.00025
South West,3.339650881,1719303,0.033396508809999996,0.7561203580753363,0.23265241786933424,0.08571428571428572,0.27697089261723906
Central,7.250541685,1667718,0.072505417,0.29981087929733924,0.7795082861730821,0.08571428571428572,0.30938471700867676
New Delhi,0.014199219,1064852,0.00014199219000000002,1.972105043705604,1.8781952797196229,0.08571428571428572,0.9840391503323782
South,0.006747594,1636592,6.747594e-05,0.12220516781213643,0.24441033562427286,0.08571428571428572,0.11309931627267375
Shahdara,0.1,1645700,0.001,0.12152883271556177,0.24305766543112353,0.08571428571428572,0.11282519596524276
South East,0.629289386,1758195,0.006292893859999999,0.11375302511951177,0.22750605023902354,0.08571428571428572,0.10831656373320525
North West,0.1,2287355,0.001,0.08743723645870448,0.17487447291740896,0.08571428571428572,0.08725649877259978
North Goa,1.581879791,718288,0.015818798,0.9745394604949547,0.5568796917114026,0.11428571428571428,0.41538091610051786
South Goa,1.79256855,857449,0.017925686,0.23325002419969001,0.46650004839938003,0.45714285714285713,0.2937046538104818
Valsad,1.738920562,2077846,0.017389206,6.063972017175479,0.09625352408215047,0.4857142857142857,1.6658322581479788
Amreli,0.09592198,1650731,0.00095922,13.569745767178299,0.6057922217490311,0.5142857142857142,3.672695730753261
The Dangs,2.164733438,274863,0.021647334379999997,24.739597544958762,1.4552704438211037,0.6857142857142857,6.725557402218538
Banas Kantha,0.567783602,3729629,0.005677836,2.9225426979466325,0.053624636659571234,0.5142857142857142,0.8740327212279795
Patan,2.596395996,1464752,0.02596396,3.277005254131758,0.13654188558882321,0.7142857142857143,1.0384492034915738
Mahesana,0.691706976,2169424,0.00691707,3.1344725604584442,0.13828555413787255,0.7428571428571429,1.005633081803365
Gandhinagar,1.279892254,1324292,0.012798923,3.700090312408442,0.151024094384018,0.7142857142857143,1.1445497609045436
Ahmadabad,4.09983488,8738876,0.040998349,2.025432103625226,0.2631917422789842,0.34285714285714286,0.6681198343903383
Panch Mahals,0.388326019,1953336,0.00388326,4.402724364881413,0.1023889387181724,0.6285714285714286,1.2843919980902534
Dohad,0.129721916,2742293,0.0012972191599999999,0.9116458379903242,0,0.7142857142857143,0.4068071928590096
Vadodara,3.043652457,3437852,0.030436524569999998,3.0542327011168604,0.08726379146048172,0.37142857142857144,0.8858403971439783
Bharuch,1.820453727,1704669,0.018204537,13.668342651857927,3.28509522963109,0.4,4.342910604689754
Porbandar,4.865917388,660431,0.048659173879999996,7.419397332953783,0.30283254420219524,0.34285714285714286,2.0284365484732803
Narmada,3.114996648,694589,0.031149966,6.766591466320371,0,0.3142857142857143,1.7780067867715212
Surat,5.334773331,8228098,0.053347733,2.612997560311022,0.10938129322232185,0.3142857142857143,0.7725030752822646
Tapi,0.099755767,952637,0.000997558,4.723730025182729,0.31491533501218194,0.5142857142857142,1.3884821580376563
Aravalli,0.683258715,1276998,0.0068325871500000005,3.054037672729323,0.07830865827511085,0.6857142857142857,0.9562233009671799
Botad,0.877107887,737921,0.008771078869999999,5.149602735252148,0.13551586145400388,0.4857142857142857,1.4449009903226093
Chota Udaipur,0.112482708,1206205,0.001124827,1.8239022388399981,0,0.45714285714285713,0.5705424807657138
Mahisagar,0.698306974,1041596,0.006983069739999999,3.1682149317009665,0.09600651308184746,0.7142857142857143,0.996372557202132
Gir Somnath,0.247012876,1353212,0.002470129,4.5816915605241455,0.36949125488097945,0.5714285714285714,1.381270378898424
Sabar Kantha,0.326713001,1581118,0.00326713,5.755421164011794,0,0.45714285714285713,1.5539577877911628
Kachchh,3.088679389,2654359,0.030886794,4.633887126797845,0.37673879079657274,0.6857142857142857,1.4318067492996758
Surendranagar,1.139615495,1806637,0.011396155,6.033309403051083,0.27675731206656345,0.37142857142857144,1.6732228603740547
Rajkot,0.307696507,3534875,0.0030769650700000002,48.827752042151424,0.22631634781993704,0.5142857142857142,12.392857767331769
Kheda,2.845630539,2023119,0.028456305390000002,5.0417202349441625,0.2965717785261272,0.42857142857142855,1.4488299368579296
Anand,5.403718781,2767476,0.054037187810000005,1.5176283371563115,0.03613400802753122,0.6285714285714286,0.5590927403913178
Bhavnagar,0.019310059,2765060,0.000193101,8.137255611089815,0.216993482962395,0.4,2.1886105486605527
Junagadh,1.19245741,1644700,0.011924574,16.537970450538094,0.7296163434060923,0.45714285714285713,4.4341635562967605
Jamnagar,0.00210776,1509267,2.1077600000000003e-05,15.636729617754845,0.5300586311103337,0.5714285714285714,4.184559474473438
Devbhumi Dwarka,0.024373659,898223,0.00024373658999999999,6.568524742742058,0.22266185568617144,0.5714285714285714,1.8407147266117
Morbi,0.192014618,1099951,0.001920146,4.3638307524607916,0.18182628135253298,0.6,1.286894294998331
Navsari,2.26353903,1457183,0.02263539,5.421419272665136,0.4117533624808964,0.6,1.6139520063615078
Jhajjar,1.429459568,999200,0.014294596,0.4003202562049639,0,0.2,0.15365371297124097
Gurugram,1.164893604,2517256,0.011648936,0.35753216995013615,0,0.2,0.14229527649753404
Faridabad,6.911149485,2383525,0.069111495,0.5873653517374476,0.08390933596249252,0.2,0.23509654563748505
Mahendragarh,0.561660955,970462,0.00561661,0.20608740991404095,0,0.2,0.10292600486601025
Rewari,0.828055738,1012074,0.008280557,0.4940350211545796,0,0.17142857142857143,0.16843603749078778
Nuh,0.669910248,1279625,0.006699102,0.15629578978216274,0,0.2,0.09074872306554069
Palwal,1.788990887,1312139,0.017889909,0.15242287593006532,0,0.2,0.09257819620001634
Charki Dadri,0.852566261,545880,0.008525663,0.36638088957279985,0,0.2,0.14372663804569996
Yamunanagar,5.731626983,1366309,0.05731627,0.8050887463963129,0.36594943018014225,0.14285714285714285,0.3428028973158995
Kurukshetra,5.501219071,1080970,0.055012190710000006,1.572661590978473,0,0.2,0.45691844542211824
Kaithal,3.116290715,1238219,0.031162907,2.422834732789595,0.24228347327895952,0.17142857142857143,0.7169274211617815
Sirsa,9.795019476,1511023,0.097950195,2.9119344973570884,0.3309016474269419,0.17142857142857143,0.8780537277431504
Karnal,3.348768976,1700198,0.03348769,1.58805033296122,0.41171675298994587,0.17142857142857143,0.5511708367849343
Jind,1.133905451,1489426,0.011339055,2.0813387170628146,0.40283975168957703,0.17142857142857143,0.6667365236727407
Fatehabad,9.544000142,1056284,0.095440001,0.3786860351950801,0.5680290527926202,0.17142857142857143,0.30339591520906795
Hisar,4.24034665,1943429,0.042403467,2.7785939182753783,0.15436632879307657,0.22857142857142856,0.800983785534971
Panipat,1.825319296,1456085,0.018253193,1.3048688778471038,0,0.17142857142857143,0.37363766055891884
Sonipat,0.905127272,1771137,0.009051273,1.2421399360975465,0.28230453093126057,0.17142857142857143,0.42623107779434466
Bhiwani,2.187233082,1296415,0.021872331,2.3912096049490326,0.4628147622481998,0.14285714285714285,0.7546884602185938
Rohtak,0.999841319,1194736,0.009998413,4.35242597527822,0.41850249762290576,0.2,1.2452317215227815
Panchkula,0.282076231,597239,0.002820762,3.0138688196852517,1.0046229398950839,0.11428571428571428,1.0338995590440123
Ambala,4.251029067,1296203,0.042510291,2.7773427464679528,0.8486325058652079,0.14285714285714285,0.9528356714650759
Lahul & Spiti,0.011872748,31023,0.00011872748000000001,186.95806337233665,3.2234148857299423,0.17142857142857143,47.58825638924379
Chamba,0.208436762,586226,0.002084368,21.322834538215638,2.217574791974426,0.14285714285714285,5.921337710166801
Kangra,0.077501311,1693351,0.0007750131100000001,10.216428844344735,3.4251611154450554,0.11428571428571428,3.439162671796376
Kullu,0.216410933,460044,0.002164109,80.64446009512135,44.56095503908322,0.11428571428571428,31.330466239455067
Mandi,0.736416396,1131583,0.007364164,16.525522210920453,2.297666189753646,0.11428571428571428,4.736209569729953
Kinnaur,0.539592883,87703,0.005395929,256.5476665564462,72.97355848716691,0.14285714285714285,82.41736952882506
Una,0.018255416,573625,0.000182554,11.331444759206798,0.8716495968620616,0.17142857142857143,3.0936763704143577
Shimla,0.735818063,904737,0.007358181,39.237922180700025,19.011049619944803,0.11428571428571428,14.592653923890136
Solan,0.280667145,678073,0.002806671,17.10730260606159,2.2121511990596883,0.14285714285714285,4.866279404857106
Sirmaur,0.977864526,564300,0.009778645,14.885699096225412,2.4809498493709023,0.14285714285714285,4.379821183428365
Hamirpur,0.625287522,502514,0.006252875220000001,43.580875358696474,3.9799886172325545,0.2857142857142857,11.963207784215829
Hamirpur,0.625287522,1250794,0.006252875220000001,17.50887836046543,1.5989843251566604,0.2857142857142857,4.849957461639094
Bilaspur,2.184503883,2180689,0.021845039,5.090134356618482,0.41271359648257955,0.14285714285714285,1.4168875336970514
Bilaspur,2.184503883,517758,0.021845039,21.438587139165403,1.7382638220944922,0.14285714285714285,5.83538828573676
Kupwara,0.51995716,1053524,0.005199572,3.5120225073182954,0.1898390544496376,0.14285714285714285,0.962479569056269
Bandipore,1.936451826,378179,0.019364518,7.932751421945692,1.0577001895927591,0.2,2.3024540324496128
Baramula,0.911142533,1224436,0.009111425,6.1252691034892806,3.1851399338144257,0.14285714285714285,2.365594401372712
Ganderbal,1.495531299,559525,0.014955313,10.365935391626826,2.3233993119163574,0.17142857142857143,3.2189296469904387
Anantnag,0.30280149,1290100,0.003028015,6.278583055577088,3.4105883264863186,0.11428571428571428,2.45162127781228
Kishtwar,0.281956344,231938,0.002819563,23.713233709008442,12.503341410204452,0.14285714285714285,9.090562956377509
Srinagar,0.278932913,904040,0.002789329,8.074863944073272,0.7743020220344232,0.17142857142857143,2.2558459666665662
Badgam,3.806150556,992328,0.038061506,5.1394297046944155,1.1085044461105602,0.17142857142857143,1.6143560569483868
Pulwama,2.991682452,1008086,0.029916825,7.539039327993843,1.6863640602091488,0.11428571428571428,2.342401481752176
Punch,0.67832765,697454,0.006783276499999999,22.223687870454537,1.8639222084897356,0.11428571428571428,6.052169767432496
Shupiyan,1.080602368,391024,0.010806024,8.183640901837228,0.25573877818241336,0.17142857142857143,2.155403568782053
Kulgam,0.022991182,578651,0.000229912,8.467971195072677,1.2097101707246682,0.17142857142857143,2.4623349622614787
Rajouri,0.283908485,659577,0.002839085,16.525743014083268,2.7290217821421914,0.11428571428571428,4.842972398840293
Ramban,0.444408931,360350,0.004444089,13.597890939364506,4.995143610378799,0.14285714285714285,4.685083945477612
Reasi,1.239061446,394393,0.012390614,15.973914344321528,4.563975526949008,0.14285714285714285,5.1732844071469195
Doda,0.270530155,563657,0.0027053015499999998,21.644368827141328,6.032037214121354,0.11428571428571428,6.948349264274599
Jammu,1.589424608,1766664,0.015894246,15.509457372765848,4.52830872197543,0.14285714285714285,5.049129370919605
Kathua,0.045617922,639161,0.00045617921999999996,17.522971520477626,3.2855571600895552,0.11428571428571428,5.230817643518224
Udhampur,0.47427651,695644,0.004742765,17.393954378963954,1.1500135126587736,0.14285714285714285,4.672891949894968
Samba,0.63000495,433040,0.00630005,7.620543136892666,0,0.17142857142857143,1.9495679394553094
Muzaffarabad,0.429807163,9108,0.004298072,318.4014053579271,0,0.22857142857142856,79.65856871453214
Mirpur,0.33730821,7110,0.003373082,407.8762306610408,0,0.22857142857142856,102.02704379292805
Sahibganj,5.74321916,1863699,0.057432191599999995,0.16097019958695047,0,0.14285714285714285,0.09031488351102332
Godda,0.308989819,1541633,0.003089898,1.037860502467189,0,0.14285714285714285,0.29595188587858295
Pakur,3.826048033,1077497,0.03826048,0.09280768299122875,0,0.17142857142857143,0.07562418368745005
Giridih,0.442880209,3023152,0.004428802,0.39693670711892753,0,0.11428571428571428,0.12891280587366047
Dumka,0.227789055,1522340,0.002277891,0.5255067856063691,0,0.17142857142857143,0.17480331189623516
Deoghar,0.81176508,1878226,0.008117651,0.15972518749074927,0,0.11428571428571428,0.07053213814411588
Palamu,1.06308692,2294123,0.010630869199999999,1.0025617632533217,0.043589641880579205,0.22857142857142856,0.32133842572633237
Chatra,0.339585416,1313082,0.0033958541599999996,0.6092536490485743,0.22847011839321535,0.05714285714285714,0.22456561968616168
Garhwa,0.547516784,1689634,0.0054751678400000005,0.5918441508634414,0,0.05714285714285714,0.16361554396157466
Jamtara,0.660567369,923311,0.006605674,0.10830586877011103,0,0.17142857142857143,0.07158502847217062
Dhanbad,0.207879548,3014375,0.002078795,0.0331743727970143,0.0331743727970143,0.02857142857142857,0.02424974241136429
Latehar,0.545231273,974550,0.005452313,0.10261146170027191,0,0.05714285714285714,0.041301657893282266
Bokaro,0.022030296,2426002,0.000220303,0.49464097721271455,0.04122008143439288,0.05714285714285714,0.14830605468749114
Ramgarh,0.438980609,1068909,0.004389806,0.374213333408176,1.029086666872484,0.05714285714285714,0.3662081658783793
Ranchi,0.465022765,3525357,0.004650228,1.276466468502339,0.1701955291336452,0.14285714285714285,0.39854234203578176
Lohardaga,0.791528779,575951,0.007915288,1.215381169578662,0,0.05714285714285714,0.3201098286278798
Gumla,0.676989466,1266667,0.006769895,0.6315787811634787,0,0.11428571428571428,0.18815859752729824
Khunti,0.735774946,661665,0.007357749,0.45340164584797443,0.3022677638986496,0.05714285714285714,0.2050425040873703
Saraikela-kharsawan,0.297198097,1170854,0.002971981,0.0854077451159581,0,0.05714285714285714,0.03638064580720381
Purbi Singhbhum,1.646993268,2787911,0.016469933,1.1478128247279056,0,0.08571428571428572,0.3124992607805478
Pashchimi Singhbhum,0.868185334,1744372,0.008681853,0.11465444297431969,0,0.08571428571428572,0.05226264550715135
Simdega,0.928699763,677321,0.009286998,0.14764048361116813,0,0.05714285714285714,0.053517584596006314
Kodarma,0.001585894,894355,1.585894e-05,0.11181242347837267,0,0.05714285714285714,0.04224278489030745
Hazaribagh,0.077051711,2130620,0.000770517,0.046934695065286164,0.046934695065286164,0.02857142857142857,0.030802833953000226
Bidar,0.767478422,1848763,0.0076747842200000005,4.814029705267792,0.378631549852523,0.22857142857142856,1.357226866977936
Kalaburagi,0.562792586,2925453,0.005627925860000001,3.828466907518255,0.5469238439311792,0.22857142857142856,1.1523975264702158
Belagavi,0.716049892,5439561,0.007160499,1.1581816988540068,0.03676767297949228,0.17142857142857143,0.34338461054551767
Yadgir,1.077229403,1373369,0.010772294,4.660073148585704,0.3640682147332581,0.37142857142857144,1.3515855571943836
Bagalkote,0.002398667,2065589,2.3986670000000003e-05,3.243626878338333,0.19364936587094528,0.4,0.9593250577198196
Raichur,0.860016988,2140588,0.008600169880000001,6.586975167570779,1.588348621967422,0.22857142857142856,2.1031238469974074
Koppal,0.500672586,1551558,0.005006726,4.769399532598846,0.1933540351053586,0.3142857142857143,1.3205115019624798
Gadag,0.773623563,1218001,0.007736236,6.732342584283592,0.6568139106618139,0.2857142857142857,1.920651754072423
bellary,0.548620386,2961339,0.005486203859999999,4.963970690285712,1.0130552429154513,0.22857142857142856,1.5527708914081482
Dharwad,0.283121417,2085599,0.002831214,5.897586256993794,1.4384356724375107,0.2,1.8847132859003264
Uttara Kannada,2.419647773,1597345,0.024196478,6.385596098525992,1.1894737830587632,0.2,1.949816589828689
Haveri,1.041587377,1601523,0.010415873769999999,4.183517813980817,0.24976225755109357,0.37142857142857144,1.2037811291826208
Chitradurga,0.186919271,1798153,0.001869193,5.505649408031464,0.1668378608494383,0.2571428571428571,1.4828748296834398
Davanagere,0.337248387,2110205,0.003372484,2.701159366033158,0.28433256484559555,0.3142857142857143,0.825787532258617
Shivamogga,0.0731706,1877441,0.000731706,3.941535313226887,0.6391678886313871,0.2571428571428571,1.2096444412502827
Udupi,0.007584602,1144919,7.584602e-05,5.065860554327424,1.8341908903599295,0.2857142857142857,1.7964603941054096
Chikkamagaluru,0.48643499,1168539,0.00486435,3.4230778775890234,0.5134616816383536,0.2,1.0353509772818443
Chikkaballapura,0.18147016,1326139,0.001814702,2.563833806260128,0.5278481365829675,0.2,0.8233741611107739
Hassan,0.048209394,1843387,0.00048209394000000005,3.3091260815010632,1.5189431193775371,0.2571428571428571,1.2714235379903644
Kolar,0.151892948,1625062,0.001518929,4.799816868525632,1.2922583876799778,0.22857142857142856,1.5805414035642598
Bengaluru Rural,0.120542304,1355031,0.001205423,12.103044136997603,9.96287169813827,0.11428571428571428,5.545351743115397
Dakshina Kannada,1.026488871,2388502,0.010264889,4.898467742543234,1.71655707217327,0.22857142857142856,1.7134652829994832
Bangalore,0.114566985,13403998,0.00114567,0.559534550810885,0.27603704506670323,0.17142857142857143,0.2520364592890399
Kodagu,0.6410376,575814,0.006410376,9.899029895070283,2.9523422494069265,0.17142857142857143,3.257302772976445
Chamarajanagara,1.93767925,1089392,0.019376793,1.835886439408404,0.0917943219704202,0.2571428571428571,0.5510501027554203
Tumakuru,0.055808694,2774415,0.000558087,0.9010908605958374,0.07208726884766699,0.4857142857142857,0.36486262552444754
Ramanagara,0.955866677,1168086,0.009558667,1.969033102014749,0.08561013487020647,0.4857142857142857,0.6374790473423103
Mandya,1.416125561,1886354,0.014161255610000001,2.2795297171156634,0.21204927601075937,0.2857142857142857,0.6978636336126771
Mysuru,0.377930553,3330925,0.003779306,2.2516268003632627,0.4203036694011424,0.22857142857142856,0.7260703009664584
Vijayapura,0.011439119,2612195,0.000114391,1.7226891560545823,0.03828198124565739,0.22857142857142856,0.49741423926541706
Kasaragod,2.303776192,1320168,0.023037762,8.180776992019197,3.0299174044515547,0.17142857142857143,2.8512901824548305
Wayanad,0.460180992,847406,0.00460181,17.819085538691017,11.210682954805606,0.11428571428571428,7.287164004425584
Kozhikode,0.801183224,3349063,0.008011832239999999,5.404496720425982,1.343659405630769,0.14285714285714285,1.7247562752884735
Malappuram,1.678503228,4458146,0.016785032,3.6113666981745323,1.1215424528492337,0.14285714285714285,1.2231378315402273
Palakkad,1.885497465,3024581,0.018854974650000002,3.4384928028047526,1.2563723702555827,0.17142857142857143,1.2212871797847267
Thrissur,4.374872942,3305535,0.04374872941999999,3.751283831512902,1.3008484254439903,0.14285714285714285,1.309684532308509
Idukki,0.004693367,1048101,4.6933670000000006e-05,26.23792935986131,6.774156307455102,0.11428571428571428,8.281604578818031
Ernakulam,1.260337983,3428525,0.01260338,3.966720382671849,1.7791907598748733,0.14285714285714285,1.4753429163084664
Alappuzha,12.40641849,2167462,0.124064185,7.843274760987736,3.229583725112597,0.14285714285714285,2.834944953464369
Kottayam,1.520735488,2015065,0.015207355,9.92523814368271,4.46635716465722,0.14285714285714285,3.637414951519268
Pathanamthitta,0.991725656,1320089,0.009917256559999999,9.999325803032978,2.272574046143858,0.17142857142857143,3.1133114192913514
Kollam,0.007181482,2503307,7.181482e-05,7.070646948216899,2.39682947397183,0.14285714285714285,2.4026013449664676
Thiruvananthapuram,0.235709715,3288743,0.0023570971499999997,8.392264156852633,4.530606374532763,0.11428571428571428,3.2598783357052774
Kannur,2.357507247,2666656,0.023575072,5.7375229500918,1.9875079500318003,0.14285714285714285,1.9728657788626858
Leh,0.018275039,158993,0.00018275,101.89127823237502,18.868755228217594,0.02857142857142857,30.197196909888508
Kargil,0.286339875,154801,0.002863399,29.715570312853277,0.6459906589750712,0.02857142857142857,7.598248949787444
Lakshadweep,4,60324,0.04,0,0,0,0.01
Burhanpur,0.685540047,917654,0.0068554,1.6346030203104875,1.0897353468736584,0.17142857142857143,0.7256555847706793
Morena,2.658013204,2318601,0.026580132,2.4583789966449596,0,0.14285714285714285,0.6569540678855256
Bhind,2.689401967,1937516,0.026894019669999998,1.2903119251660373,0,0.17142857142857143,0.3721586290661522
Gwalior,0.157120971,2515503,0.00157121,1.828660112907836,0.07950696143077547,0.14285714285714285,0.5131488567264386
Sheopur,1.231751267,890783,0.012317513,0.5613039314849969,0,0.2,0.19340536103874922
Shivpuri,0.160705456,2047132,0.001607055,0.6350347705961316,0,0.17142857142857143,0.20201759914617573
Tikamgarh,0.274206269,1216750,0.002742063,0.7396753647010479,0,0.17142857142857143,0.2284614997049048
Neemuch,0.047005244,905934,0.000470052,1.5453664394978002,0.11038331710698572,0.17142857142857143,0.45691209511833936
Rewa,0.818756794,2794552,0.008187568,1.3597886172810525,0.8945977745270083,0.14285714285714285,0.6013577756513009
Satna,0.006627683,2619145,6.627682999999999e-05,1.0690511598250574,0,0.17142857142857143,0.3101365020209072
Guna,0.457411017,1461635,0.0045741101699999995,4.310241612988195,0.13683306707899032,0.17142857142857143,1.1557693404164393
Ashoknagar,0.219773318,1071470,0.002197733,0.5599783475038965,0.373318898335931,0.17142857142857143,0.27673088761209974
Mandsaur,0.035767514,1424619,0.000357675,1.8952435703861876,0.07019420631059954,0.14285714285714285,0.5271631486734826
Singrauli,0.806662133,1558134,0.008066621,0.38507599474756343,0,0.22857142857142856,0.155428511162248
Sidhi,1.782043654,1292335,0.017820436539999998,0.15475863456456723,0,0.22857142857142856,0.10028762491899895
Sagar,0.654643181,2792584,0.0065464318099999995,1.6472199224803978,0.28647302999659097,0.14285714285714285,0.5207741317860329
Damoh,1.193640384,1437365,0.011936404,1.8088655282409132,0,0.17142857142857143,0.4980576258773712
Shajapur,0.513507353,1036523,0.005135073530000001,0.6753347489636023,0,0.17142857142857143,0.21297459848054345
Vidisha,0.635462,1710603,0.00635462,2.04606211961513,0.35075350621973655,0.11428571428571428,0.6293639900301452
Rajgarh,0.472826999,1797738,0.004728269990000001,1.1681346225089528,0.16687637464413613,0.14285714285714285,0.37064910250005795
Shahdol,0.003847684,1075359,3.847684e-05,0.18598440148824716,0.18598440148824716,0.17142857142857143,0.13585896281126641
Katni,0.530371053,1481656,0.005303711,0.6749204943657636,0,0.17142857142857143,0.21291319408108378
Umaria,0.004413453,849658,4.4134530000000004e-05,0.353083240550904,0,0.2,0.138281843770226
Ratlam,0.588601194,1682145,0.005886012,1.4267497748410511,0,0.17142857142857143,0.40101608955240564
Bhopal,0.000494438,2938719,4.944380000000001e-06,2.177819655434902,0.4423696175102144,0.11428571428571428,0.6836199829027076
Ujjain,0.708212621,2261682,0.007082126,2.210744039170847,0.13264464235025084,0.11428571428571428,0.616189130504203
Raisen,1.304665949,1582981,0.013046659490000001,3.537629320882563,0.7580634259034064,0.14285714285714285,1.1128991372832782
Sehore,0.865128872,1581777,0.008651289,2.275921321399919,0.1264400734111066,0.14285714285714285,0.6384674565970421
Jabalpur,0.609947111,2843254,0.006099471,1.8992323584175033,0.2110258176019448,0.14285714285714285,0.5648036974966477
Dewas,0.631542867,1839994,0.006315429,0.9239160562480094,0.9782640595567159,0.14285714285714285,0.5128381718329671
Anuppur,0.52747384,902339,0.0052747383999999994,0.22164618840590955,0,0.2571428571428571,0.12101594598719168
Jhabua,0.2786779,1290473,0.0027867789999999996,0.2324728994717441,0,0.2,0.10881491961793602
Dindori,1.243229343,917721,0.012432293430000001,0.3268967365898786,0,0.2,0.13483225750496966
Narsimhapur,1.976709412,1275736,0.019767094,1.0974057328475484,0,0.2,0.3292932067418871
Dhar,0.327944556,2722423,0.003279446,0.5142477858877919,0,0.14285714285714285,0.16509609357623367
Indore,0.263327649,4193901,0.002633276,1.3591164884435756,0.14306489352037638,0.14285714285714285,0.4119179503277737
Mandla,0.665550482,1110768,0.006655505,0.9002780058482059,0,0.2,0.27673337766705147
Hoshangabad,1.375776716,1371450,0.013757767,3.864522950162237,0,0.14285714285714285,1.005284465044845
Seoni,0.419742338,1600897,0.004197423,1.1243696502648204,0,0.14285714285714285,0.3178560541254908
Alirajpur,0.133752635,917115,0.001337526,0.7632630586131509,0,0.14285714285714285,0.22686443195507344
Chhindwara,0.243637627,2383077,0.002436376,1.3847643194072201,0.25177533080131276,0.14285714285714285,0.44545829233391887
Harda,1.128090368,669689,0.011280904,1.3439073958210452,0.44796913194034843,0.17142857142857143,0.4936465007174913
West Nimar,1.261290342,2194354,0.012612903419999998,2.3697179215386397,0.8202869728402984,0.11428571428571428,0.8292258780211631
East Nimar,0.011130804,1518478,0.00011130803999999999,0.2634216630073007,0,0.2,0.11588324276182517
Balaghat,1.072556027,1884118,0.01072556,6.262877378168459,5.732125057984691,0.17142857142857143,3.0442891419629303
Barwani,0.27606099,1771460,0.00276061,0.39515427952084725,0.5645061136012103,0.17142857142857143,0.28346239361265724
Agar Malwa,0.197996456,702666,0.001979965,0.28463025107234446,0,0.17142857142857143,0.11450969676522897
Datia,2.165231715,955153,0.021652317,0.9422574184450031,0,0.17142857142857143,0.28383457675589363
Chhatarpur,1.026450906,2100270,0.010264509,0.5713551114856661,0,0.17142857142857143,0.1882620479935594
Panna,0.741002628,1214594,0.007410026280000001,0.6586563081984597,0,0.2,0.2165165836196149
Betul,0.572982012,1776782,0.00572982,1.4633196419144274,0.11256304937803287,0.17142857142857143,0.43826027071025797
Niwari,2.138521976,474884,0.021385219759999997,0.42115548218091153,0,0.22857142857142856,0.16777803262808502
Gondiya,0.10921389,1579976,0.001092139,2.2152235223826184,0.6329210063950339,0.14285714285714285,0.7480234526336987
Bhandara,1.821346068,1132270,0.018213461,8.036952317026858,2.296272090579102,0.14285714285714285,2.6235737527857754
Jalgaon,1.018783927,4760079,0.010187839,1.5756041023688891,0.5462094221545483,0.08571428571428572,0.5544289123769308
Wardha,0.644579581,1365264,0.006445796,9.814951540507916,1.464918140374316,0.14285714285714285,2.8572931548873437
Buldana,0.143033374,2939030,0.0014303337399999999,3.130284481614682,0.23817381925329104,0.08571428571428572,0.8639007300805648
Akola,0.605435381,2032614,0.006054354,5.214959652939515,0.6887682560486152,0.11428571428571428,1.506016994270961
Nashik,0.009474396,7301954,9.474396e-05,2.1638043734594876,0.958647507228887,0.08571428571428572,0.8020652275906651
Gadchiroli,1.66295656,1183215,0.016629566,7.606394442261127,1.2677324070435214,0.11428571428571428,2.2512605322975907
Washim,7.34e-05,1362768,7.34e-07,4.549563828912918,0.4402803705399599,0.11428571428571428,1.276032661934648
Chandrapur,1.224884143,2348545,0.012248841429999999,4.854069221581873,0.8515910915055916,0.14285714285714285,1.4651915743436519
Yavatmal,0.001951031,3117757,1.951031e-05,6.767685871605773,0.7056354937219289,0.11428571428571428,1.8969066474808538
Jalna,0.061033309,2330103,0.000610333,6.73789956924651,0.5579152509567173,0.14285714285714285,1.8598205740375926
Ahmadnagar,0.006268605,5113145,6.268605e-05,0.9778717403867874,0.3520338265392435,0.11428571428571428,0.3610634918154363
Hingoli,0.002176496,1419813,2.176496e-05,5.775408451676383,0.3521590519314867,0.11428571428571428,1.5604687457133959
Nanded,1.150372003,3861544,0.01150372,6.784850826508775,0.8804768248141158,0.11428571428571428,1.9477792714096511
Parbhani,2.980760882,2068053,0.029807608819999998,11.1215718359249,0.7253199023429284,0.11428571428571428,2.9977462653433857
Pune,0.01206296,11979873,0.00012062959999999999,4.565991642816247,0.9933327339947594,0.05714285714285714,1.4041469658884658
Bid,0.274329152,3032850,0.0027432915200000002,7.979293403894027,0.49458430189425784,0.11428571428571428,2.1477266778984996
Mumbai,0.001000003,2831580,1.000003e-05,35.881027553521356,15.433079764654362,0.08571428571428572,12.849957900980002
Latur,0.209045748,2795413,0.0020904574800000002,1.9317360261256564,0.21463733623618406,0.11428571428571428,0.5656873835318887
Osmanabad,0.000294936,1913512,2.94936e-06,7.159610182742518,0.5225992834118626,0.11428571428571428,1.9491245324500235
Solapur,0.923051453,4817374,0.009230514530000001,3.3420697666404977,0.2283401703915868,0.08571428571428572,0.9163386843190926
Satara,0.003020396,3138971,3.0203959999999998e-05,3.4406179604717595,2.134457438440814,0.08571428571428572,1.4152049721467148
Ratnagiri,0.575265044,1532470,0.00575265,18.271157021018354,4.698297519690434,0.08571428571428572,5.765230369215769
Sangli,0.444899405,3253446,0.004448994,3.2888205306004767,0.39957632614772154,0.11428571428571428,0.9517828912709781
Kolhapur,0.792546096,3952672,0.007925461,6.52723018757944,0.8095789379943491,0.11428571428571428,1.8647550752048758
Sindhudurg,0.776077496,808570,0.007760774959999999,23.498274731934156,12.738538407311674,0.11428571428571428,9.089714907122886
Thane,1.253627781,9950177,0.012536277810000001,4.200930295008822,2.0502147851239227,0.08571428571428572,1.5873489109142576
Palghar,0.902972116,3787472,0.009029721,2.05942116535779,0.10561134181322002,0.08571428571428572,0.564944128511324
Nandurbar,0.830013135,2039682,0.008300131,2.108171764029883,0.2941635019576581,0.11428571428571428,0.6312302779058139
Amravati,0.680336027,3195039,0.006803360269999999,13.458364670978977,1.0641497646820586,0.14285714285714285,3.6680437346970445
Dhule,0.227687277,2456650,0.002276873,2.360938676653166,0.16282335701056316,0.11428571428571428,0.6600811551798609
Nagpur,0.398261272,5242373,0.003982613,13.142903032653344,1.4878758150173597,0.08571428571428572,3.680118936526247
Aurangabad,0.013372286,3160597,0.000133723,9.523517234244038,1.4554212384558993,0.37142857142857144,2.837625191747127
Aurangabad,0.013372286,4525057,0.000133723,6.651849910398919,1.016561780326745,0.37142857142857144,2.009993496253559
Raigarh,0.036610841,1654533,0.00036610840999999996,19.824325051238024,5.620921432210781,0.08571428571428572,6.382831719393272
Raigarh,0.036610841,3072698,0.00036610840999999996,10.674657906504317,3.0266560527588457,0.08571428571428572,3.446848588346862
Mumbai Suburban,0.000997242,10791581,9.97242e-06,1.3436400097446333,0.7135191775885295,0.08571428571428572,0.5357208613668621
Kamjong,0.481550805,61519,0.004815508,0,0,0.2,0.0512038770125
Senapati,0.710207411,459428,0.0071020741099999994,0,0,0.2,0.0517755185275
Tamenglong,1.695834778,139509,0.016958348,7.884795962984468,1.4335992659971757,0.14285714285714285,2.3695526799046966
Imphal West,3.323981318,589610,0.033239813,0.33920727260392464,0,0.14285714285714285,0.12882605716026688
Kakching,3.520388451,180789,0.035203885,0,0,0.2,0.058800971127500004
Bishnupur,0.000998427,299943,9.984270000000002e-06,0.3333966787022868,0,0.17142857142857143,0.12620880860021455
Chandel,0.630871175,125173,0.006308712,0,0,0.2,0.0515771779375
Churachandpur,0.939291668,257051,0.009392917,0,0,0.2,0.052348229
Imphal East,11.79273868,434974,0.11792738679999999,0.4597975970977576,0,0.14285714285714285,0.1801455316887251
Jiribam,5.232607471,56027,0.052326074709999996,0,0,0.2,0.0630815186775
Kangpokpi,0.534498836,268532,0.0053449883600000005,0,0,0.2,0.051336247
Thoubal,23.6044421,325077,0.236044421,2.153335978860393,0.6152388511029695,0.14285714285714285,0.7868690984551263
Tengnoupal,0.539127806,75461,0.005391278,0,0,0.2,0.051347819515000004
Ukhrul,0.669906789,178796,0.006699068,0,0,0.2,0.0516747669725
Noney,2.67719437,58122,0.026771943700000002,96.34905887615706,30.96934035305048,0.17142857142857143,31.87914993608403
Pherzawl,2.366795306,54252,0.023667953060000003,0,0,0.2,0.055916988
Ribhoi,1.715139198,389832,0.017151392,3.591290607235938,0.25652075765970983,0.08571428571428572,0.9876692606474834
West Khasi Hills,1.191947527,341864,0.011919475,5.265251679030258,1.4625699108417383,0.08571428571428572,1.7063638377140704
East Jaintia Hills,1.627446553,150787,0.016274466,2.652748579121542,0,0.14285714285714285,0.7029700468771712
East Khasi Hills,1.14976811,1005453,0.011497681099999999,1.9891531478845854,0.8951189165480634,0.05714285714285714,0.7382281506688764
South Garo Hills,1.272678698,190314,0.012726787,10.508948369536661,0,0.08571428571428572,2.6518473605577366
West Garo Hills,1.079662032,701102,0.01079662,3.9937127550627443,0,0.08571428571428572,1.0225559152742574
East Garo Hills,0.686378319,188522,0.006863783,10.608841408429784,0,0.11428571428571428,2.6824977264763743
West Jaintia Hills,1.642405869,372716,0.016424059,1.0732031895598795,0,0.08571428571428572,0.29383538349104127
South West Khasi Hills,1.768765435,136573,0.017687654,3.661045741105489,0,0.08571428571428572,0.9411119202924437
North Garo Hills,1.505747627,191024,0.015057476270000002,6.8054275902504395,0,0.14285714285714285,1.7408355523443957
South West Garo Hills,3.340328514,161524,0.033403285139999996,8.048339565637304,0,0.14285714285714285,2.056149998408612
Kolasib,1.584069279,125377,0.015840693,5.583161185863435,0,0.11428571428571428,1.4283218982347874
Aizawl,2.065788746,483635,0.020657887,31.842195043783015,8.684235011940823,0.05714285714285714,10.151057700081674
Mamit,1.381857077,138551,0.013818571,5.052291214065579,0,0.08571428571428572,1.287956017637466
Champhai,0.919185436,136805,0.009191854,6.578706918606776,5.847739483206023,0.08571428571428572,3.130338135471771
Serchhip,1.328475491,61426,0.013284755,13.023800996320777,1.627975124540097,0.08571428571428572,3.6876937903712896
Lunglei,2.66098121,188482,0.026609812,6.366655701870736,0,0.11428571428571428,1.6268878070641126
Saiha,2.951687412,65651,0.029516874,10.66244230857108,0,0.11428571428571428,2.7015612242441986
Lawngtlai,2.792338513,149520,0.027923385,8.025682182985554,1.337613697164259,0.08571428571428572,2.3692333877485243
Mon,2.741637225,228717,0.027416372249999998,0,0,0.2,0.0568540930625
Longleng,2.837540944,30296,0.028375409440000002,0,0,0.2,0.057093852
Mokokchung,1.200974196,168849,0.012009742,0,0,0.2,0.053002435
Tuensang,0.650005813,197958,0.006500058130000001,0,0,0.2,0.051625014532500006
Kiphire,1.066560501,54731,0.010665605,7.3084723465677595,0,0.5428571428571428,1.9654987736087255
Peren,0.586486953,96231,0.00586487,1.0391661730627344,0,0.11428571428571428,0.2898291892196122
Wokha,1.553001778,164833,0.015530018,0,0,0.11428571428571428,0.03245393301642857
Zunheboto,0.640526895,135618,0.006405269,2.9494609860048078,0,0.5428571428571428,0.8746808494529876
Phek,1.966529093,164195,0.019665291,1.2180638874508969,1.2180638874508969,0.11428571428571428,0.642519695029377
Kohima,0.321623488,311382,0.003216235,1.6057447122826622,0,0.17142857142857143,0.44509737964780843
Dimapur,1.716497018,510639,0.017164970180000003,0.19583306406287024,0,0.11428571428571428,0.08182093713214612
Bhadrak,8.404168094,1613470,0.08404168093999999,4.214519018017069,0,0.6571428571428571,1.2389258890249817
Dhenkanal,0.881789412,1387551,0.008817894120000001,10.089719224734802,0,0.8,2.7246342797137006
Jajapur,11.54713951,2048302,0.11547139509999998,1.6110905520767933,0,0.8571428571428571,0.6459262010799126
Subarnapur,2.280238254,663973,0.022802383,3.9158218782992678,0,0.9428571428571428,1.2203703509241026
Nuapada,1.294611131,702602,0.012946111,3.558202225,0,0.9714285714285714,1.1356442270451428
Balangir,1.095326967,2028038,0.010953269670000002,1.2327185190810035,0,0.9142857142857143,0.5394893757591794
Baudh,1.709315466,520532,0.017093154660000002,5.763334434770581,0,0.9142857142857143,1.673678325929074
Cuttack,11.50951078,2887779,0.115095108,9.869176276993496,0.06925737738241049,0.45714285714285713,2.627667904829691
Kandhamal,0.541719782,832740,0.0054171978200000005,17.05214112448063,0,0.7428571428571429,4.450103866289444
Nayagarh,4.447805894,1012257,0.044478059,3.5564090937380524,0,0.8285714285714286,1.1073646453123702
Khordha,2.152536584,2574912,0.021525365839999998,1.087415802947829,0,0.8285714285714286,0.4843781493398144
Kalahandi,0.398050093,1864838,0.003980501,7.989970174352947,0,0.6285714285714286,2.155630525963594
Jagatsinghapur,0.078061187,1268480,0.0007806118700000001,3.4687184661957615,0,0.8857142857142857,1.0888033409450117
Puri,0.32180646,1855870,0.0032180646000000003,14.38678355703794,0,0.6285714285714286,3.7546432625523423
Nabarangapur,0.435588956,1425811,0.00435589,0.21040656861253001,0,0.22857142857142856,0.11083347168598964
Rayagada,1.449399945,1127993,0.014493999,2.748244005060315,0,0.8857142857142857,0.9121130725561502
Koraput,0.185330259,1573932,0.001853303,12.579958981709503,0.25414058548908086,0.5142857142857142,3.3375596460185744
Malkangiri,0.073061589,757865,0.0007306158899999999,3.958488649033799,0,0.8285714285714286,1.196947673373807
Anugul,0.272277764,1393181,0.0027227776399999996,1.722676378733273,0,0.9714285714285714,0.6742069319504611
Kendrapara,18.30023894,1692082,0.183002389,3.3686310710710234,0,0.6857142857142857,1.0593369365463272
Ganjam,2.595362139,3912072,0.025953621,9.994703573962852,0.05112380344738031,0.6571428571428571,2.682230963985772
Gajapati,0.579527084,638094,0.005795271,3.9179180496917385,0,0.8285714285714286,1.1880711872757919
Mayurbhanj,1.104038704,2891283,0.011040387039999999,1.3834688614016684,0.06917344307008341,0.6571428571428571,0.5302063871636522
Sundargarh,1.817783191,2361775,0.018177832,1.1855490044563939,0,0.9428571428571428,0.5366459948058842
Kendujhar,1.121189194,2118363,0.011211891940000001,2.5491381788673615,0.1416187877148534,0.5714285714285714,0.8183493574876965
Baleshwar,8.765273065,2513933,0.08765273065000001,8.751227658016344,0.19889153768218965,0.45714285714285713,2.3737286958728476
Jharsuguda,0.163912049,621362,0.00163912,7.081218355805473,0,0.8857142857142857,1.9921429405024398
Bargarh,0.036098632,1562701,0.000360986,8.894855765754293,0,0.6857142857142857,2.3952327594471448
Debagarh,0.025728406,351390,0.00025728405999999996,10.245026893195595,0,0.9142857142857143,2.7898924728853274
Sambalpur,0.653957274,1271970,0.006539573,15.016077423209666,0,0.6,3.905654248987416
Puducherry,0.939811094,1148821,0.009398111,0.5222745754125316,0,0.11428571428571428,0.16148960015956149
Karaikal,0.179114825,220595,0.001791148,0.9066388630748656,0,0.14285714285714285,0.26282178854550214
Mahe,0.243893199,50846,0.002438932,0,0,0.2,0.050609732997500004
Yanam,2.98522873,47877,0.029852287300000002,0,0,0.2,0.057463072
Gurdaspur,7.99043277,1740157,0.079904328,5.286879287328672,0.17239823763028278,0.17142857142857143,1.4276526060218815
Hoshiarpur,1.015664453,1743086,0.010156644530000002,4.417452724650419,0.057369515904550895,0.2,1.1712447212712425
Amritsar,2.558209055,2748187,0.025582091,4.257352210748395,0.7641401403907376,0.2,1.3117686104222832
Jalandhar,5.423173348,2446748,0.054231733479999995,2.2887522540122647,1.5939524626156842,0.17142857142857143,1.02709125538413
Tarn Taran,5.605831458,1251033,0.056058315,0.3996697129492187,0,0.17142857142857143,0.15678914973944752
Rupnagar,8.05958884,716979,0.080595888,6.694756750197705,0.8368445937747131,0.17142857142857143,1.9459064509502475
Shahid Bhagat Singh Nagar,10.90580953,636289,0.109058095,0.7858064495850157,0,0.17142857142857143,0.2665732790783968
Fazilka,4.742047502,1143916,0.047420475,1.136447081778732,0,0.2,0.345966889199683
Moga,2.73145838,1027279,0.027314584,0.7787563067092776,0.0973445383386597,0.17142857142857143,0.2687110000691272
Ludhiana,4.779332462,3965684,0.047793325,1.7651431631970675,0.02521633090281525,0.2,0.5095382046799707
Sahibzada Ajit Singh Nag*,0.10224824,1662669,0.001022482,0,0,0.2857142857142857,0.07168419202857143
Faridkot,4.441457773,659286,0.044414577729999995,2.275188613136029,0.15167924087573528,0.14285714285714285,0.6535348936497268
Fatehgarh Sahib,0.476176498,640240,0.004761765,5.779082843933525,0.1561914282144196,0.14285714285714285,1.5207232949962717
Sri Muktsar Sahib,2.388390951,1149045,0.02388391,0.5221727608579299,0,0.2,0.18651416759198247
Sangrur,2.448919322,1835441,0.024489193,2.3972440410778666,0.054482819115406055,0.2,0.6690540133533182
Barnala,1.6671773,684088,0.016671773,0.8770801417361509,0,0.2,0.27343797868403774
Bathinda,4.064778009,1697487,0.04064778,1.4138547158240387,0.29455306579667473,0.2,0.4872638904276783
Patiala,4.902063247,2269761,0.049020632,3.524600167154163,3.260255154617601,0.14285714285714285,1.7441832742747267
Mansa,2.759157184,742955,0.027591571840000002,4.9801131966269825,0,0.14285714285714285,1.2876404778310315
Firozpur,8.086116559,1057444,0.080861166,7.470844791780936,0.09456765559216375,0.22857142857142856,1.9687112603836323
Pathankot,1.266369538,713016,0.012663695,0.8414958430105355,0,0.2,0.2635398845976339
Kapurthala,3.373204673,865875,0.033732047,9.816659448534718,0.23098022231846396,0.17142857142857143,2.5632000722529384
Churu,0.775893058,2206492,0.007758931,1.9487947384354893,0.6344913101882989,0.7142857142857143,0.8263326733723757
Jhunjhunun,0.337147246,2449782,0.0033714724600000003,0.8980390908252244,0.08163991734774768,0.17142857142857143,0.2886197630153859
Jaisalmer,0.483488206,848518,0.004834882,7.54256244416736,1.64993553466161,0.2,2.3493332152222424
Sikar,0.420855874,3026385,0.004208559,2.874716865170823,0.06608544517634075,0.17142857142857143,0.7791098601289337
Alwar,0.342475289,4491235,0.003424753,2.2710902457787223,0.33398385967334154,0.4,0.752124714585516
Jaipur,0.298918883,8193632,0.0029891888300000004,2.3188739743254274,0.1708643981081894,0.34285714285714286,0.70889617603019
Jodhpur,0.351856339,4624883,0.0035185633900000003,3.329813965023548,0.1945995174364411,0.37142857142857144,0.9748401543196401
Bharatpur,2.338615588,2952552,0.023386155880000002,3.319162541421794,8.53498939222747,0.14285714285714285,3.0050988080966015
Nagaur,0.313542369,3826407,0.003135424,0.7840253271541683,0,0.6857142857142857,0.3682187591396135
Dausa,0.498796958,2162212,0.00498797,0.786231877355227,0.13874680188621652,0.8571428571428571,0.4467773764910752
Karauli,0.435501401,1777972,0.004355014,0.5624385535880205,0.16873156607640616,1,0.43388128341860666
Dhaulpur,2.780566497,1501877,0.027805665,4.128167619585359,0,0.6,1.1889933211388397
Barmer,0.873995809,3345308,0.008739958,2.5408721708135693,0.23914091019421832,0.5714285714285714,0.8400454026315898
Sawai Madhopur,1.488231909,1511281,0.014882319,8.006452803945791,16.806933985142408,0.6285714285714286,6.364210134187407
Tonk,0.025948024,1641156,0.00025948,8.347774373673191,15.355030234785724,0.6,6.075766022174729
Pali,0.391660123,2254626,0.003916601,6.032042564930946,0.35482603323123213,0.5142857142857142,1.7262677284194732
Bhilwara,0.74993015,2821404,0.007499302,3.0126844648976183,0.14177338658341734,0.5714285714285714,0.9333464311024018
Jalor,1.34441163,2252706,0.013444116,5.016189418415009,0.17756422720053128,0.7142857142857143,1.4803708690503137
Bundi,1.991418255,1323567,0.019914183,10.35081714790411,0.3022136393548645,0.4857142857142857,2.789664813880815
Kota,2.379646678,2286428,0.023796466779999997,9.00968672532002,11.633867324927792,0.34285714285714286,5.252551914971239
Sirohi,0.252656489,1264133,0.0025265648899999997,5.616497631182795,0.47463360263516574,0.6285714285714286,1.6805573068198472
Baran,2.425109248,1450001,0.024251092,2.9655151961964163,0.2758618787159457,0.5428571428571428,0.9521213275623762
Udaipur,0.001560423,3607694,1.560423e-05,2.6886980991181626,0.16631122262586573,0.4,0.8137562314935071
Jhalawar,0.94013361,1669164,0.009401336,2.096858067871102,0.35946138306361747,0.4857142857142857,0.7378587681872513
Dungarpur,0.197777034,1670388,0.0019777703399999997,0.5986633045735482,0.17959899137206445,0.8571428571428571,0.40934573085711745
Banswara,0.016887325,2229890,0.00016887325000000003,3.2288588226325063,0.3587620914036118,0.4857142857142857,1.018376018250101
Ajmer,0.203556192,2985855,0.0020355619199999998,4.521318014438076,0.7702986246820425,0.11428571428571428,1.351984478831458
Rajsamand,0.165414807,1353032,0.001654148,1.2564373939419022,0,0.9142857142857143,0.5430943140744041
Chittaurgarh,0.033230403,1838803,0.000332304,0.2175328189044721,0,0.2857142857142857,0.12589485216218946
Ganganagar,6.595012526,2163051,0.06595012525999999,1.4331608454909293,0.046230995015836426,0.6,0.5363354914416915
Hanumangarh,3.706876306,2002775,0.037068763059999996,0.5991686534932781,0,0.2,0.2090593541383195
Bikaner,0.684901436,3124233,0.006849014,1.9524792164988976,0.7361806881881089,0.4,0.7738772297617516
Pratapgarh,0.101544693,1070109,0.0010154469300000001,15.418990028118632,0.8410358197155617,0.6571428571428571,4.229546037976763
Pratapgarh,0.101544693,3854756,0.0010154469300000001,4.280426569152497,0.23347781286286343,0.6571428571428571,1.2930156715220547
North  District,0.063647516,44583,0.000636475,197.38465334320256,35.88811878967319,0.08571428571428572,58.339780723437514
West District,0.685815634,133590,0.006858156,17.216857549217757,8.982708286548394,0.08571428571428572,6.5730345694551096
South District,1.512139512,164403,0.015121395,11.556966722018455,2.4330456256880955,0.11428571428571428,3.529854864278066
East District,0.831166269,337891,0.008311663,43.209200600193554,2.367627430147592,0.05714285714285714,11.4105706375435
Adilabad,0.988714607,802880,0.009887146,21.67198086887206,0,0.22857142857142856,5.477609860878371
Hyderabad,0.000277133,3345250,2.77133e-06,3.019206337343995,0.11957252821164338,0.2,0.8346954092214097
Jagitial,1.30267446,1063443,0.013026745,0.0940341889504186,0,0.4,0.12676523338760465
Jangoan,0.117767389,609289,0.001177674,0.16412572687181287,0,0.4,0.14132585019045324
Mulugu,2.25270259,308187,0.022527026,5.516131439677858,0,0.22857142857142856,1.4418074735373216
Jogulamba Gadwal,1.404701855,677578,0.014047018550000002,0.14758448473828845,0,0.9714285714285714,0.28326501867921494
Kamareddy,0.951305306,1051890,0.009513053,0.5704018481019879,0.09506697468366464,0.5714285714285714,0.311602611818556
Karimnagar,0.012822066,1113366,0.000128221,12.574481347553277,0.08981772391109483,0.2,3.216106823031093
Khammam,0.101414173,1521069,0.001014142,11.63655297688665,0,0.2,2.9593917796541622
Kumuram Bheem Asifabad,1.134922452,561927,0.011349224520000001,0.17795905873894652,0,0.02857142857142857,0.054469927957593776
Mahabubabad,0.247662044,802801,0.00247662,0.49825548299018063,0,0.22857142857142856,0.18232588300040228
Mahabubnagar,0.416806629,1071711,0.0041680662899999995,3.7323494860088213,0,0.17142857142857143,0.9769865309318482
Mancherial,1.336662971,750195,0.01336663,0.13329867567765716,0,0.2857142857142857,0.10809489777548571
Medak,0.908345993,858985,0.00908346,4.423825794396875,0.11641646827360197,0.4,1.2373314306501195
Medchal Malkajgiri,0.230626522,3917267,0.002306265,0.1531680122902013,0.025528002048366884,0.42857142857142855,0.1523934270324992
Nagarkurnool,1.284959401,978724,0.012849594,0.10217385085069948,0,0.2857142857142857,0.1001844326437463
Nalgonda,0.010832661,1795837,0.00010832661000000001,3.7308508511629954,0.11136868212426851,0.22857142857142856,1.017724822117173
Nirmal,1.150118153,747102,0.011501182,0.2677010635763256,0,0.2857142857142857,0.14122913270515283
Nizamabad,0.044851377,1716963,0.00044851376999999995,5.533025464148033,0.0582423733068214,0.22857142857142856,1.455071944949071
Peddapalli,2.597279494,919259,0.025972795,0.10878327000333964,0,0.2857142857142857,0.10511758766440633
Rajanna Sircilla,0.00114418,587140,1.1441800000000001e-05,0.17031713049698538,0,0.2571428571428571,0.10686785735996063
Ranga Reddy,0.085026896,3667925,0.000850269,0.02726337097950476,0,0.11428571428571428,0.03559983855630476
Sangareddy,0.005164143,1729145,5.1641430000000005e-05,0.34699229966255,0.05783204994375833,0.2,0.1512189977590771
Siddipet,0.378098987,1102022,0.00378099,0.18148458016264646,0,0.2,0.09631639250816162
Suryapet,1.336230804,1145777,0.013362308,0.08727701812830943,0,0.3142857142857143,0.10373126011350592
Vikarabad,0.084609379,1308948,0.000846094,0.7639722891971263,0.07639722891971262,0.2571428571428571,0.27458961726242404
Wanaparthy,4.926322219,680558,0.049263222190000004,0.14693824773200814,0,0.2857142857142857,0.12047893890907346
Warangal Rural,0.041751433,811309,0.000417514,16.516518367231228,0.24651519951091383,0.17142857142857143,4.233719913125178
Warangal Urban,0.133107398,1152989,0.0013310739799999999,11.014849230998735,0.08673109630707665,0.2,2.8257278503214525
Yadadri Bhuvanagiri,0.546065506,769265,0.005460655060000001,0.3899826457722631,0,0.2857142857142857,0.1702893966366372
Bhadradri Kothagudem,0.742354231,1149137,0.007423542,0.17404365188833013,0,0.22857142857142856,0.10250965569243967
Jayashankar,5.219547095,423171,0.052195471,0.9452443574819634,0.23631108937049086,0.5142857142857142,0.43700915802204215
Narayanpet,0.76899113,669576,0.0076899112999999995,1.6428306868824452,0,0.14285714285714285,0.448344435259897
North Tripura,1.542869002,417050,0.01542869,23.018822683131518,0.23977940294928665,0.11428571428571428,5.847079122596629
Dhalai,0.336825147,436885,0.003368251,2.7467182439314692,0.22889318699428912,0.11428571428571428,0.7733163491703682
Sipahijala,0.598107872,477873,0.0059810787200000005,2.092606194532857,0.2092606194532857,0.11428571428571428,0.6055334017479642
Gomati,2.517687708,559331,0.025176877,1.7878501280994616,0.17878501280994616,0.11428571428571428,0.5265244330687805
Khowai,0.889218209,324410,0.008892182,3.082519034555038,0.3082519034555038,0.11428571428571428,0.8784872085965639
West Tripura,0.612502471,1081396,0.0061250247099999995,6.103222131393125,10.172036885655208,0.11428571428571428,4.098917439011012
South Tripura,0.931395601,415745,0.009313956009999999,2.886384682918616,0.4810641138197693,0.11428571428571428,0.872762116758525
Unokoti,23.62192797,370767,0.23621928,2.6971116631199648,0.2697111663119965,0.11428571428571428,0.829331955854419
Amroha,3.74795481,2208108,0.037479548,2.4455325554728304,0.13586291974849055,0.6857142857142857,0.8261473272589017
Hapur,1.527097452,1831968,0.015270974520000001,3.1659941658369575,0.05458610630753376,0.8,1.008962811666123
Bareilly,4.170101962,5352228,0.04170102,1.588123674850922,0.13078665557595825,0.5428571428571428,0.5758671232260058
Pilibhit,2.432470279,2398821,0.024324703,4.085340256734455,0.04168714547688219,0.6571428571428571,1.2021237405360488
Bulandshahr,4.603272439,4116049,0.046032724,3.4499103387739067,0.02429514323080216,0.6857142857142857,1.0514881230272486
Gautam Buddha Nagar,4.668442714,2613780,0.046684427140000005,2.2572672527909767,0.15303506798582894,0.7142857142857143,0.7928181155506301
Kheri,6.940149845,4820329,0.069401498,3.02883890290476,0.12447283162622304,0.45714285714285713,0.9199640225309601
Budaun,3.856538771,3653296,0.038565387709999996,2.463528824382147,0.10949016997253987,0.6571428571428571,0.8171818098018859
Bahraich,3.679886741,4156731,0.036798867,5.412907402475647,0.7698357194632032,0.42857142857142855,1.6620283544800698
Shahjahanpur,4.75687807,3533793,0.047568781,1.8110851427913293,0.08489461606834356,0.5714285714285714,0.6287442777470611
Aligarh,1.926834991,4376425,0.01926835,2.216420937180461,0.5026934084326818,0.6857142857142857,0.8560242453093572
Kasganj,11.48765717,1633713,0.114876572,2.7544617689888002,0.18363078459925336,0.7428571428571429,0.9489565670362992
Mathura,4.807455013,3064227,0.048074550130000004,3.75298566326842,0.1631732897073226,0.6571428571428571,1.1553440900621499
Shrawasti,7.692700147,1390228,0.076927001,3.380740425311531,0.07193064734705387,0.6857142857142857,1.0538280899607178
Sitapur,3.375278206,5391584,0.033752782,3.2828942292283676,0.2040216752627799,0.37142857142857144,0.9730243144949298
Hathras,1.329597887,1789810,0.013295979,2.5701052066979178,0,0.7714285714285715,0.8387074392491223
Etah,1.184889889,2068262,0.011848898889999999,5.125076030019408,0.04834977386810762,0.6571428571428571,1.4606043899800933
Hardoi,4.346537435,4789431,0.043465374,1.6077066357151821,0.06263792087202008,0.45714285714285713,0.5427381970200148
Farrukhabad,6.215089637,2145188,0.062150896,3.542813030839255,0,0.5714285714285714,1.0440981246594565
Firozabad,4.216316792,2948291,0.042163167919999994,2.10291317919432,0.712277044565818,0.6,0.8643383479200345
Siddharthnagar,13.38292044,3367475,0.13382920439999998,0,0,0.02857142857142857,0.04060015824285714
Mainpuri,3.043030701,2193399,0.030430307,5.060638762030985,0.04559134019847734,0.6857142857142857,1.455593673738437
Mahrajganj,3.253620339,3375140,0.032536203,1.066622421588438,0,0.7714285714285715,0.46764679910175233
Agra,4.031426704,5296620,0.040314267040000004,2.51103533951841,0.6041588786811212,0.5714285714285714,0.9317342641670256
Gonda,2.868823511,4066976,0.028688235,4.819305547905864,0.09835317444705846,0.42857142857142855,1.3437295965085876
Bara Banki,2.865516793,3807867,0.028655168,5.304807126929591,0.2626142142044352,0.37142857142857144,1.4918762701231496
Kushinagar,4.208451529,4300787,0.042084515290000006,0.8835592183477117,0,0.7142857142857143,0.40998236198085647
Kannauj,3.608993578,1938161,0.036089936,3.6632663643526002,0.36116710634462257,0.6,1.1651308516193057
Lucknow,1.989261918,5804005,0.019892619,3.0151593597869057,0.17229482055925177,0.4857142857142857,0.9232652713101108
Basti,4.636039801,2718480,0.046360398,6.915629322268326,0.5149936729348754,0.5428571428571428,2.004960134017586
Gorakhpur,10.09175003,5059142,0.1009175,6.167053622926575,0.21742817260318054,0.5142857142857142,1.7499212525288674
Sant Kabir Nagar,5.995956962,1990205,0.05995957,2.4118118485281665,0.05024608017767014,0.6571428571428571,0.7947900888671735
Unnao,3.512391774,3601532,0.035123918,2.6932982963916468,0.11106384727388234,0.5142857142857142,0.8384429439228108
Etawah,8.501345772,1845391,0.085013458,9.97078667881224,0.7044577544812995,0.5142857142857142,2.818635901324814
Kanpur Nagar,4.873739494,4932257,0.048737395,2.2707656961103204,0.020274693715270718,0.5714285714285714,0.7278015890485405
Auraiya,6.662660657,1619128,0.066626607,2.8410354215355427,0.061761639598598754,0.6857142857142857,0.9137844883546067
Faizabad,3.807489683,3092832,0.038074897,6.692895055405532,0.16166413177308048,0.5142857142857142,1.8517299495735817
Kanpur Dehat,3.087286072,2010692,0.030872861,6.515169901705482,0.198936485548259,0.45714285714285713,1.8005305262791496
Deoria,7.694821538,3288259,0.076948215,6.416769481965988,0.33452352749585723,0.5428571428571428,1.8427745919247471
Sultanpur,4.347300593,2509152,0.043473006,5.5397201923199555,0.07970820420604252,0.5714285714285714,1.5585824934711423
Ambedkar Nagar,3.462697948,2918048,0.034626979,1.5078573073506671,0,0.6285714285714286,0.5427639288505239
Rae Bareli,5.186238472,2819588,0.051862385,1.595977852083354,0,0.8571428571428571,0.6262457734865527
Jalaun,4.80414767,1897451,0.048041477,7.641831067047318,0.3162136993260959,0.6285714285714286,2.1586644179112104
Azamgarh,6.011964431,5177742,0.060119644,4.963553610821088,0.21244781991841233,0.5714285714285714,1.451887411619518
Mau,4.546093825,2493398,0.045460938,2.005295584579758,0,0.6857142857142857,0.684117702136011
Fatehpur,5.696727002,3038415,0.05696727,3.0937182708747817,0.03291189649866789,0.45714285714285713,0.9101850736340767
Ballia,13.30007152,3696633,0.133000715,8.440112935203468,0.35167137230014445,0.5142857142857142,2.3597676842473314
Jaunpur,4.243344328,4985265,0.042433443280000004,4.011822841915124,0.02005911420957562,0.5428571428571428,1.1542931355654606
Jhansi,1.823896934,2198410,0.018238969,5.7769023976419325,0.13646226136162043,0.7714285714285715,1.675758049943031
Banda,6.313682456,2069729,0.063136825,4.20344885731417,0.19326201642823768,0.6285714285714286,1.272104781718459
Ghazipur,8.379915091,4171506,0.08379915091000001,2.3252993043759256,0.07191647333121419,0.5714285714285714,0.7631108750114277
Kaushambi,5.222408303,1981279,0.052224083,2.0693703410776574,0.05047244734335749,0.6,0.6930167178627538
Prayagraj,8.027430678,7094453,0.080274307,3.904458877943092,0.07047759707478504,0.5142857142857142,1.1423741240208978
Varanasi,3.716004426,4311285,0.037160044,8.419763481189483,0.11597470359765129,0.5142857142857142,2.271795985833212
Chitrakoot,2.462686041,1269815,0.02462686,3.2288167961474703,0.23625488752298562,0.6857142857142857,1.0438532074486855
Chandauli,7.890839495,2179069,0.078908395,1.8356463241870724,0.04589115810467681,0.8,0.6901114693104373
Bhadohi,11.0100435,1805095,0.110100435,1.9943548677493428,0,0.8571428571428571,0.74039953997305
Mirzapur,2.685205968,3135271,0.02685206,6.570404918745461,0,0.6,1.7993142446063652
Lalitpur,0.008823081,1495673,8.823081e-05,2.3400836947648314,0.2674381365445522,0.7142857142857143,0.8304739441012745
Sonbhadra,0.064958232,2259539,0.000649582,2.2128407608808702,0,0.6857142857142857,0.7248011572287889
Amethi,2.870234132,3139220,0.028702341,1.5608972929581233,0.19113028077038247,0.6,0.5951824787621265
Ghaziabad,2.474121961,4601786,0.024741219609999997,1.5211485279845696,0.04346138651384484,0.6857142857142857,0.5687663549556751
Sambhal,2.00812794,2818198,0.020081279,1.6322486922494446,0.35483667222814014,0.6571428571428571,0.6660773752551105
Mahoba,0.238187011,1077440,0.00238187,3.2484407484407485,0.09281259281259281,0.7428571428571429,1.021623088555121
Saharanpur,2.685129434,4096003,0.026851294339999998,5.2490195930032275,0.21972640156757697,0.6571428571428571,1.5381850365134155
Bijnor,3.487609777,4311589,0.034876097769999996,1.298825096733478,0,0.6857142857142857,0.5048538700544409
Muzaffarnagar,1.48110915,3353539,0.014811092,4.353609723936414,0.38765018089844794,0.6,1.3390177490837156
Baghpat,4.30209073,1340897,0.043020907299999994,4.3254627312910685,0,0.7428571428571429,1.2778351953620528
Meerut,3.276470073,3877321,0.032764701,5.493483773976929,0.25791003633694504,0.6,1.5960396277609683
Moradabad,3.838687956,3696840,0.038386879559999997,5.410025859923611,0.027050129299618055,0.6285714285714286,1.5260085743386642
Rampur,4.515924008,2830370,0.045159240079999996,1.837215629052032,0,0.6571428571428571,0.6348794315687223
Shamli,1.857718186,1373173,0.018577182,3.20425758444129,0.21847210803008799,0.7428571428571429,1.0460410042971302
Balrampur,4.374910001,853775,0.0437491,6.793358906034963,3.0452988199467073,0.5714285714285714,2.6134588493550606
Balrampur,4.374910001,2570002,0.0437491,2.2568075822509086,1.0116723644573038,0.5714285714285714,0.970914404536696
Hamirpur,6.04437889,502514,0.060443788899999996,43.580875358696474,3.9799886172325545,0.2857142857142857,11.97675551263583
Hamirpur,6.04437889,1250794,0.060443788899999996,17.50887836046543,1.5989843251566604,0.2857142857142857,4.863505190059094
Pratapgarh,3.648644131,1070109,0.036486441,15.418990028118632,0.8410358197155617,0.6571428571428571,4.238413786571763
Pratapgarh,3.648644131,3854756,0.036486441,4.280426569152497,0.23347781286286343,0.6571428571428571,1.3018834201170546
Uttarkashi,0.367760378,410687,0.003677604,334.317862508431,6.087360934239458,0.14285714285714285,85.13793954732691
Chamoli,0.988526383,426828,0.009885264,362.2067905573205,17.571480783828616,0.11428571428571428,94.9756105798162
Dehradun,1.480749996,2132260,0.0148075,10.880474238601296,0.7972761295526811,0.17142857142857143,2.965996609885637
Tehri Garhwal,0.541041119,665938,0.005410411,15.316741198129554,0.9009847763605621,0.05714285714285714,4.070069810705744
Rudraprayag,1.403054602,248925,0.014030546020000001,531.8871145927488,31.736466807271263,0.05714285714285714,140.92368870079574
Pithoragarh,0.416580414,510103,0.004165804,320.7195409554541,4.1168156235113305,0.08571428571428572,81.23155916720492
Bageshwar,0.570769802,256564,0.0057076980200000006,15.590651845153646,5.066961849674935,0.05714285714285714,5.180116062497859
Hardwar,1.875425679,2449262,0.018754257,0.6124293766857118,0,0.17142857142857143,0.2006530512260708
Garhwal,0.318442467,727119,0.003184425,23.517471005433773,0.9627034914505054,0.2,6.170839730388569
"Almora
",0.648573243,618943,0.006485732429999999,0,0,0,0.0016214331074999998
Nainital,0.749324062,1104668,0.007493241,8.237769175897192,0.5431496159932214,0.08571428571428572,2.218531579556175
Champawat,1.216386696,293584,0.012163867,8.856068450596764,4.7686522426290265,0.05714285714285714,3.423506854332162
Udham Singh Nagar,1.276537668,2171345,0.012765376680000001,1.1974145057556491,0.1381632122025749,0.05714285714285714,0.3513714879452703
South Twenty Four Pargan*,9.52594778,12843801,0.09525947779999999,0.23357571485263592,0,0.4857142857142857,0.2036373695917304
Darjiling,1.918361249,1849559,0.019183612489999998,29.62868445937653,3.4062173739794193,0.3142857142857143,8.342092790032916
Jalpaiguri,4.567777417,2766173,0.045677774170000005,13.231276568746784,0.7230205775271468,0.4857142857142857,3.621422301539554
Dakshin Dinajpur,3.848386134,1838248,0.038483861,10.335928558061807,0.16319887196939695,0.6857142857142857,2.8058313942713724
Maldah,9.357035639,4260890,0.093570356,5.186709818840665,1.2438715855138245,0.3142857142857143,1.7096093687575509
Murshidabad,10.40453429,8350690,0.104045343,5.209150381585235,0.10777552513624622,0.6571428571428571,1.5195285266910845
Birbhum,4.483276395,4082552,0.044832764,4.555973812458482,0.024494482862680012,0.8857142857142857,1.3777538362463617
Nadia,9.926747682,5440236,0.099267477,4.227757766391017,0.0551446665181437,0.6857142857142857,1.2669710488608616
Purba Bardhaman,8.544541925,4891157,0.085445419,0.9200277153237977,0,0.9714285714285714,0.4942254265005923
Puruliya,0.307955389,3407465,0.0030795538900000004,1.5847558228771241,0,0.9142857142857143,0.6255302727632096
Bankura,1.401768891,3957405,0.014017689,5.129624084469495,0.6569961881586545,1,1.7001594903845374
North Twenty Four Pargan*,11.22559097,10544399,0.11225591,2.7882101198939835,0.15173932625273379,0.5428571428571428,0.898765624675965
Hooghly,9.395681278,5689338,0.093956813,3.075929044820329,0.31638127318151954,0.2857142857142857,0.9429953541240336
Medinipur West,7.812547948,5510554,0.078125479,5.335216749531898,0.18146995746707137,0.2857142857142857,1.4701316180483137
Howrah,19.56511981,4370011,0.19565119809999998,3.8901503909257893,0.18306590074944892,0.2571428571428571,1.1315025867295239
Kolkata,1.85061619,2896202,0.018506162,9.046330331931268,2.7277102909258404,0.08571428571428572,2.969565267617848
Purba Medinipur,15.47685207,5760374,0.154768521,5.242715143148692,0.29511972660108526,0.2857142857142857,1.4945794190410158
Alipurduar,4.039321623,1381430,0.040393216,1.375386374988237,0,0.14285714285714285,0.38965918351884493
Paschim Bardhaman,1.733680898,3727296,0.017336809,3.1390047906042344,0,0.37142857142857144,0.8819425427532015
Kalimpong,0.958398623,214033,0.009583986230000001,5.606612064494727,0,0.17142857142857143,1.4469061555383247
Jhargram,1.774765393,1247343,0.017747654,0,0,0,0.0044369134825
Cooch Behar,7.501454061,3286533,0.075014541,10.253966718119065,0.09128160283192044,0.22857142857142856,2.6622085725331033
Uttar Dinajpur,6.666541483,3289303,0.06666541482999999,1.398472563944398,0.09120473243115639,0.2857142857142857,0.46051424922996
Thiruvallur,0.136913665,4840586,0.001369137,0.9089808547973324,0.12395193474509078,0.17142857142857143,0.30143262440524865
Chennai,3.572786193,5558758,0.035727862,4.281531953720598,0.377782231210641,0.22857142857142856,1.2309033688581668
Krishnagiri,0.86428335,2151735,0.008642834,1.6265943529291478,0.1858964974776169,0.17142857142857143,0.49814056383383404
Tiruvannamalai,0.956908978,2908761,0.00956909,1.6501871415355198,0.34378898781989997,0.14285714285714285,0.5366005904981407
Dharmapuri,0.244881502,1771524,0.002448815,1.5805600149927406,0.2257942878561058,0.17142857142857143,0.49505792232435447
Salem,0.70281148,3947265,0.0070281148000000005,1.6213758133796439,0.22800597375651244,0.17142857142857143,0.5069596183411819
Erode,0.654316232,2286982,0.006543162,2.7984479108274574,0.3935317374601112,0.17142857142857143,0.8424878455090349
The Nilgiris,0.072105658,708881,0.000721057,22.0065144925594,3.244550213646578,0.17142857142857143,6.355803583553637
Namakkal,0.389540051,2030160,0.003895401,1.4284588406825076,0.1970288056113804,0.22857142857142856,0.4644886188438292
Perambalur,0.711461636,600175,0.007114616,5.3317782313491895,0.6664722789186487,0.22857142857142856,1.5584841387998167
Coimbatore,0.316836382,4180340,0.003168364,3.3968528875641697,0.574115980996761,0.14285714285714285,1.0292485938095184
Tiruchirappalli,2.769716368,3072981,0.027697164,2.766043786147718,1.7247096548921066,0.17142857142857143,1.172469794037099
Ariyalur,2.363517119,772923,0.023635171,2.975716856659719,0.5175159750712555,0.2,0.9292170007302436
Tiruppur,0.55127524,3131866,0.005512752,0.6385969259221179,0.12771938518442358,0.22857142857142856,0.2501001230194925
Thanjavur,6.262291183,2499232,0.062622912,5.761770015748838,0.8802704190727392,0.2571428571428571,1.7404515509486087
Karur,1.722278531,1234912,0.017222785,1.862480889326527,0.32390971988287426,0.2,0.6009033486298504
Thiruvarur,2.180366877,1412221,0.021803669,2.9032283190803705,0.35405223403419156,0.14285714285714285,0.8554853411854262
Dindigul,0.3793423,2457758,0.003793423,2.115749394366736,0.4882498602384775,0.17142857142857143,0.6948053122584461
Madurai,1.012920862,3384080,0.010129208620000002,1.6548072149594573,1.595706957282334,0.2,0.8651608452154478
Theni,0.031762174,1406691,0.000317622,1.6350428061315527,0.355444088289468,0.22857142857142856,0.5548439861831124
Virudhunagar,1.858630308,2112777,0.018586303079999998,1.230607868222723,0.23665535927360057,0.17142857142857143,0.41431952550122375
Thoothukkudi,0.017275176,1817973,0.00017275175999999999,1.8702147941691103,0.22002526990224827,0.17142857142857143,0.5654603468149825
Kanniyakumari,0.001570499,2092603,1.570499e-05,2.3893686475647793,0.23893686475647793,0.17142857142857143,0.6999374471849571
Viluppuram,2.579095705,2449240,0.025790957049999997,3.062174388789992,0.40828991850533225,0.17142857142857143,0.9169209589434738
Cuddalore,5.871797745,2998319,0.058717977,2.1011773597138927,0.33352021582760205,0.11428571428571428,0.6519253168193023
Pudukkottai,0.613684296,1827769,0.006136843,2.5167294116488463,0.21884603579555184,0.17142857142857143,0.7282852154582424
Sivaganga,1.933201481,1534446,0.019332015,1.0427216076681747,0.26068040191704367,0.2857142857142857,0.402112077527376
Ramanathapuram,1.978467591,1550443,0.019784676,6.643262603010882,1.0964608179726696,0.2,1.989877024223388
Nagapattinam,8.469795512,1816255,0.08469795511999999,4.4597261948349765,0.2752917404219121,0.17142857142857143,1.2477861154513652
Kallakurichi,1.71000415,1575629,0.017100042,1.2693343420310237,0.25386686840620476,0.2857142857142857,0.4565038844128785
Tenkasi,0.407407146,1653931,0.004074071,0.967392230993917,0.24184805774847926,0.3142857142857143,0.38190001862202766
Tirunelveli,0.007402498,1871307,7.402498000000001e-05,0.1603157579167929,0,0.02857142857142857,0.04724030286705537
Vellore,0.437957461,1718125,0.004379575,2.2117133503092035,1.338668606766097,0.17142857142857143,0.9315475257784679
Ranipet,1.363052135,1198951,0.013630521,1.3344999086701625,0.33362497716754064,0.2857142857142857,0.49186742322549726
Tirupathur,0.882133575,1329320,0.008821336,1.2036229049438811,0.3009057262359703,0.3142857142857143,0.4569089203038914
Kancheepuram,1.758222114,1542112,0.017582221,1.8156917266709551,0.38907679857234756,0.17142857142857143,0.5984448294529685
Chengalpattu,2.752509381,3240797,0.027525093809999998,1.1108378587119156,0.1234264287457684,0.2857142857142857,0.3868759167454925
